title,company,location,link
"AI/ML - Sr Software Engineer, Core ML",Apple,"Cupertino, CA",https://stackoverflow.com/jobs/447427
Machine Learning Engineer - AI Team,LanguageWire,"Copenhagen, Denmark",https://stackoverflow.com/jobs/457937
Full Stack Engineer - AI Team,LanguageWire,"Copenhagen, Denmark",https://stackoverflow.com/jobs/457936
"AI/ML - Software Engineer, Information Intelligence",Apple,"Cupertino, CA",https://stackoverflow.com/jobs/456547
Lead Software Engineer - Python - ASOS AI,ASOS,"London, UK",https://stackoverflow.com/jobs/455785
AI Full-Stack Engineer,Amaris.AI,Singapore,https://stackoverflow.com/jobs/399985
iOS Developer Intern at Sports AI Startup,Sparrow,No office location,https://stackoverflow.com/jobs/468473
AI Engineer,Vorto,No office location,https://stackoverflow.com/jobs/452415
"AI/ML - Program Manager, Research in Academia",Apple,"Seattle, WA",https://stackoverflow.com/jobs/467762
AI Engineer,Bloomberg LP,"New York, NY",https://stackoverflow.com/jobs/437694
Software Entwickler/in (80 - 100 %),Fachhochschule Graubünden,"Chur, Schweiz",https://stackoverflow.com/jobs/458467
AI/ML - Annotation Team Lead,Apple,"Cork, Ireland",https://stackoverflow.com/jobs/467532
"Head of AI, Splice",Bending Spoons,"Milan, Italy",https://stackoverflow.com/jobs/461374
AI/ML - Software Engineer (Siri Rotational Program),Apple,"Cupertino, CA",https://stackoverflow.com/jobs/467771
(Senior) Software Engineer / Software Architect (m/f/d),appliedAI @ UnternehmerTUM GmbH,"Garching bei München, Deutschland",https://stackoverflow.com/jobs/345961
Experienced AI Engineer,Scoville,"Shibuya City, Japan",https://stackoverflow.com/jobs/449434
"AI/ML - Voice Building Engineer, Siri Text-to-Speech",Apple,"Boston, MA",https://stackoverflow.com/jobs/463983
"AI/ML - Sr Software Engineer, Core ML",Apple,"Seattle, WA",https://stackoverflow.com/jobs/459282
Senior Software Engineer - Computer Vision,SimpliSafe,"Boston, MA",https://stackoverflow.com/jobs/446768
Software Engineer - Build the next generation of AI platform,Signal AI,"London, UK",https://stackoverflow.com/jobs/246027
AI Developer,CGI IT UK LTD,"Chippenham, UK",https://stackoverflow.com/jobs/433436
Audio-AI SW Engineer,Gaudio Lab,"Yeoksam-dong, South Korea",https://stackoverflow.com/jobs/435216
AI/ML Full Stack Engineer (Quality Engineering),Apple,"Cupertino, CA",https://stackoverflow.com/jobs/467507
"Manager, Software Engineering, Computer Vision - Facebook AI",Facebook,"Menlo Park, CA",https://stackoverflow.com/jobs/446299
"Technical Program Manager, AI Speech",Facebook,"Menlo Park, CA",https://stackoverflow.com/jobs/446032
"AI/ML - Data Scientist (Machine Learning & Natural Language), Siri Understanding",Apple,"Seattle, WA",https://stackoverflow.com/jobs/463921
"AI/ML - Data Efficiency Team Lead, Machine Translation",Apple,"Cupertino, CA",https://stackoverflow.com/jobs/373555
"AI/ML - Machine Learning Engineer Automation, Siri Understanding",Apple,"Seattle, WA",https://stackoverflow.com/jobs/468452
"AI/ML - Engineering Manager, ML Platform & Technology",Apple,"Seattle, WA",https://stackoverflow.com/jobs/467769
R&D software developer (Java) | Remote | MSc/Phd | Eastern Europe/Greece/Turkey,Open Door Logistics Ltd,No office location,https://stackoverflow.com/jobs/453725
AI/ML- Siri Grading Team Lead,Apple,"Austin, TX",https://stackoverflow.com/jobs/455471
Senior Backend Developer (4 - 8 years exp) for a Series B Startup in AI domain,Locus.sh,"Bengaluru, India",https://stackoverflow.com/jobs/270379
"Informatiker/in, Geoinformatiker/in, Datenwissenschaftler/in o. ä.",Deutsches Zentrum für Luft- und Raumfahrt (DLR),"Weßling, Deutschland",https://stackoverflow.com/jobs/458243
Polyglot Software Engineer,AFN SolutionsviaHays PLC,"Belrose, Australia",https://stackoverflow.com/jobs/296970
AI/ML Engineering Principal - Executive Director,"JPMorgan Chase Bank, N.A.","Plano, TX",https://stackoverflow.com/jobs/468660
"AI/ML - Sr Product Manager, Siri Dictation",Apple,"Cupertino, CA",https://stackoverflow.com/jobs/463922
"Director, Software Engineering - Facebook AI",Facebook,"Menlo Park, CA",https://stackoverflow.com/jobs/446040
"AI/ML- Machine Learning Internship (NLP), Siri Knowledge",Apple,"London, UK",https://stackoverflow.com/jobs/467754
Informatik-Student/in - Inbetriebnahme und Evaluierung von KI-Edge-Devices,Deutsches Zentrum für Luft- und Raumfahrt e.V.,"Hamburg, Deutschland",https://stackoverflow.com/jobs/455217
AI/ML - Annotation Analyst- Thai Language Specialist,Apple,Singapore,https://stackoverflow.com/jobs/454717
Solutions Architect / AI Engineer,Sustainalytics,No office location,https://stackoverflow.com/jobs/456500
Senior Machine Learning / Artificial Intelligence Developer,"MI Technical Solutions, Inc.","Chesapeake, VA",https://stackoverflow.com/jobs/408203
"AI/ML - Manager, Annotation Operations",Apple,"Cupertino, CA",https://stackoverflow.com/jobs/455463
Data Scientist,"WorkLLama, LLC","Alpharetta, GA",https://stackoverflow.com/jobs/460652
"AI/ML - Voice Building Engineer, Siri Text-to-Speech",Apple,"Boston, MA",https://stackoverflow.com/jobs/463982
"Technical Program Manager, AI Speech",Facebook,"Seattle, WA",https://stackoverflow.com/jobs/446031
"Master Informatik, Geoinformatik, Data Science o. ä. High Performance Computing",Deutsches Zentrum für Luft- und Raumfahrt (DLR),"Weßling, Deutschland",https://stackoverflow.com/jobs/457669
"AI/ML - iOS Engineer (with Build responsibilities), Information Intelligence",Apple,"Seattle, WA",https://stackoverflow.com/jobs/447499
ML/AI Manager,kaliber.ai,No office location,https://stackoverflow.com/jobs/461178
Product Owner (f/m/d) Artificial Intelligence for automated Driving Railway,Siemens AG,"Berlin, Germany",https://stackoverflow.com/jobs/455611
Analytics Lead (AI/ML) - Digital Identity and Authentication Services,"JPMorgan Chase Bank, N.A.","New York, NY",https://stackoverflow.com/jobs/457967
"AI/ML - Sr Product Manager, Siri Dictation",Apple,"Cupertino, CA",https://stackoverflow.com/jobs/463922
Senior Machine Learning Engineer,Domino's Pizza,"Ann Arbor, MI",https://stackoverflow.com/jobs/405911
VP of Engineering and Operations -Sensor AI Products,HaysviaHays PLC,"Mississauga, ON, Canada",https://stackoverflow.com/jobs/459385
AI/ML Platform Management and Process Engineer,"JPMorgan Chase Bank, N.A.","New York, NY",https://stackoverflow.com/jobs/460349
(Senior) Software Engineer,Hypatos GmbH,"Berlin, Deutschland",https://stackoverflow.com/jobs/401730
AI/ML - Annotation Analyst- Thai Language Specialist,Apple,Singapore,https://stackoverflow.com/jobs/454717
Cognitive Technologist or Practioner,Wipro Digital,"Bengaluru, India",https://stackoverflow.com/jobs/382154
Engineering Manager - Software Engineering,ASOS,"London, UK",https://stackoverflow.com/jobs/465123
Product Owner (f/m/d) Artificial Intelligence for automated Driving Railway,Siemens AG,"Berlin, Germany",https://stackoverflow.com/jobs/455611
Algorithm Engineer,ByteDance,Singapore,https://stackoverflow.com/jobs/392484
Senior Machine Learning Engineer (m/f/d) AI & Machine Learning,ING-DiBa AG,"Frankfurt am Main, Deutschland",https://stackoverflow.com/jobs/451929
"Product Design Manager, Dev Tools (ML/AI)",Facebook,"Menlo Park, CA",https://stackoverflow.com/jobs/446083
"Product Design Manager, Dev Tools (ML/AI)",Facebook,"New York, NY",https://stackoverflow.com/jobs/446081
Senior Data Scientist (m/f/d) AI & Machine Learning,ING Deutschland,"Frankfurt am Main, Deutschland",https://stackoverflow.com/jobs/417798
Senior Software Engineer - Android (Remote Considered),Shield AI,"San Diego, CA",https://stackoverflow.com/jobs/468533
Senior React Engineer with eye for design - London or remote (in EU time-zone),Cleo AI,"London, UK",https://stackoverflow.com/jobs/423181
"Back End Developer, Go, (M/F/X), AI team, Frankfurt",EVANA AG,"Frankfurt, Germany",https://stackoverflow.com/jobs/453424
IT Architect (m/f/d),BCG Platinion,"Köln, Deutschland",https://stackoverflow.com/jobs/219861
Data Scientist (m/f/d),Boehringer Ingelheim,"Vienna, Austria",https://stackoverflow.com/jobs/460146
Product Manager - Human Risk Management Platform (SaaS),OutThink,No office location,https://stackoverflow.com/jobs/456521
Sr. Data Scientist,Bottomline Technologies,"Portsmouth, NH",https://stackoverflow.com/jobs/466480
"PM Leader, Ad's Privacy & Responsibility, AI/ML",Facebook,"Menlo Park, CA",https://stackoverflow.com/jobs/446026
Senior Cloud Data Architect/Engineer (Remote Considered),Shield AI,"San Diego, CA",https://stackoverflow.com/jobs/468535
Front-end Developer: Help us translate the world content with power of AI,Papercup,"London, UK",https://stackoverflow.com/jobs/456818
Full Stack Software Developer - Java (all genders) Full-/Part-time,Accenture DACH,"Zürich, Switzerland",https://stackoverflow.com/jobs/391300
Senior Software Engineer - C++,Shield AI,"San Diego, CA",https://stackoverflow.com/jobs/441528
Vice President of Engineering,Octane AI,No office location,https://stackoverflow.com/jobs/457942
Senior Front End Engineer,Primer AI,"San Francisco, CA",https://stackoverflow.com/jobs/424344
Senior Backend Engineer,Primer AI,No office location,https://stackoverflow.com/jobs/424118
"Senior RoR, Product Engineer London or remote (within EU time-zone)",Cleo AI,"London, UK",https://stackoverflow.com/jobs/420634
Senior Data Scientist,Primer AI,No office location,https://stackoverflow.com/jobs/424117
Technical Product Support Engineer (Remote),Olive AI,No office location,https://stackoverflow.com/jobs/410488
Web Engineer,Signal AI,"London, UK",https://stackoverflow.com/jobs/273615
Frontend Engineer,PAX AiviaExecutive Solutions,"Abu Dhabi, United Arab Emirates",https://stackoverflow.com/jobs/383255
"Senior Software Engineer, Product Infrastructure",Quantcast,"London, UK",https://stackoverflow.com/jobs/441759
Senior Full-Stack Developer Javascript (m/f/d),e-bot7 GmbH,"München, Deutschland",https://stackoverflow.com/jobs/463929
Mid-level Python and Django software developer,Eligible.ai,"London, UK",https://stackoverflow.com/jobs/447951
"Back End Engineer (M/F/X) - Node.js, Golang",EVANA AG,"Frankfurt, Germany",https://stackoverflow.com/jobs/426909
ServiceNow Expert [Online/Phone Recruitment],Accenture Italy,"Milan, Italy",https://stackoverflow.com/jobs/460590
Full Stack Software Engineer,kaliber.ai,"San Francisco, CA",https://stackoverflow.com/jobs/251476
Frontend Engineer,Vouched,"Seattle, WA",https://stackoverflow.com/jobs/435259
Python Backend Developer (m/f/d) - Industrial Data Science and Software,Smart Steel Technologies GmbH,"Berlin, Germany",https://stackoverflow.com/jobs/334428
"Senior Software Engineer, Backend & Cloud Computing",Paige,"New York, NY",https://stackoverflow.com/jobs/406676
Platform Engineer - Kubernetes Developer,"QOMPLX, Inc.","McLean, VA",https://stackoverflow.com/jobs/433906
Frontend Software Engineer (m/f/d) - Industrial Data Science and Software,Smart Steel Technologies GmbH,"Berlin, Germany",https://stackoverflow.com/jobs/307564
Head of Developer Platform (m/f/d),e-bot7 GmbH,"München, Deutschland",https://stackoverflow.com/jobs/447960
Front-End Developer | Junior Consultant,Accenture Italy,No office location,https://stackoverflow.com/jobs/456302
Senior Software Engineer New Technologies (m/f/d),Honda Research Institute Europe GmbH,"Offenbach am Main, Deutschland",https://stackoverflow.com/jobs/458455
(Senior) Full stack developer (m/f/d),appliedAI @ UnternehmerTUM GmbH,"Garching bei München, Deutschland",https://stackoverflow.com/jobs/357680
Hackers wanted - Software Engineers (m/f/d) & Machine Learning Experts (m/f/d),freiheit.com technologies gmbh,"Lissabon, Portugal",https://stackoverflow.com/jobs/254089
(Senior) Full stack developer (m/f/d),appliedAI @ UnternehmerTUM GmbH,"Garching bei München, Deutschland",https://stackoverflow.com/jobs/357680
Senior Java Developer (Product Team),Behavox,"Montreal, QC, Canada",https://stackoverflow.com/jobs/456506
Unity Engineer for Computer Vision - Remote - EU Time Zone,Cvedia PTE. LTD.,No office location,https://stackoverflow.com/jobs/436963
Python Backend Developer / Data Engineer for Geo Applications (Munich),GAF AG,"München, Deutschland",https://stackoverflow.com/jobs/407481
Full Stack Software Engineer,ResoluteAI,"New York, NY",https://stackoverflow.com/jobs/468541
Senior Software Engineer (Python) - ML Infrastructure,NannyML,"Lisbon, Portugal",https://stackoverflow.com/jobs/462712
Fullstack Engineer,Vouched,"Seattle, WA",https://stackoverflow.com/jobs/435257
Principal Backend Engineer - Rails,FortressIQ,No office location,https://stackoverflow.com/jobs/431807
C++ Software Engineer,Aerial Applications,"Washington, DC",https://stackoverflow.com/jobs/439582
Software Engineer (Scala),Kaizo,"Amsterdam, Netherlands",https://stackoverflow.com/jobs/457952
"Staff Software Engineer, Inventory",Quantcast,"London, UK",https://stackoverflow.com/jobs/407770
Senior Backend Software Engineer - Edge Computing,Prescriptive Data LLC,"New York, NY",https://stackoverflow.com/jobs/431815
"Senior Software Engineer, Real-time Bidding Platforms",Quantcast,"London, UK",https://stackoverflow.com/jobs/397334
Node.js Backend Engineer (m/f/d),lengoo,"Berlin, Germany",https://stackoverflow.com/jobs/429674
Senior Software Engineer – Algorithm Infrastructure,Snke OS GmbH,"Munich, Germany",https://stackoverflow.com/jobs/463809
Full Stack Software Engineer (f/m/d),ArcaScience,"Paris, France",https://stackoverflow.com/jobs/456292
"Machine Learning Research Internship, Siri",Apple,"Cupertino, CA",https://stackoverflow.com/jobs/460636
System Engineer (m/f/d),lengoo,"Berlin, Germany",https://stackoverflow.com/jobs/429678
Senior Software Engineer Backend Python (m/f/d),BASF,"Köln, Deutschland",https://stackoverflow.com/jobs/466263
Senior Backend Developer Elixir,PandaScore,"Paris, France",https://stackoverflow.com/jobs/450827
Software Developer (backend),ValueWorks GmbH,No office location,https://stackoverflow.com/jobs/451959
Senior Python Developer,scoutbee GmbH,"Berlin, Germany",https://stackoverflow.com/jobs/432930
Full Stack Engineer,causaLens,"London, UK",https://stackoverflow.com/jobs/468461
Senior ML engineer,ML6,"Berlin, Germany",https://stackoverflow.com/jobs/457687
Kubernetes Engineer,Bloomreach,No office location,https://stackoverflow.com/jobs/466457
Senior Backend Engineer - Rails,FortressIQ,No office location,https://stackoverflow.com/jobs/427744
Hackers wanted-Looking for a Senior Developer (m/f/d) with Team Lead Experience!,freiheit.com technologies gmbh,"Lissabon, Portugal",https://stackoverflow.com/jobs/197741
Lead Developer (m/f/d),e-bot7 GmbH,"München, Deutschland",https://stackoverflow.com/jobs/413364
Software Developer* mit Schwerpunkt Cloud-Technologien,inovex GmbH,"München, Deutschland",https://stackoverflow.com/jobs/238687
"Senior Front-End Engineer, Creative Management",Quantcast,"London, UK",https://stackoverflow.com/jobs/441755
"Full Stack Engineer - Junior to Senior - Vue.js, Go",Ezoic,"Carlsbad, CA",https://stackoverflow.com/jobs/427867
Software Developer C++ for 3D maps - remote,Atlatec GmbH,"Kiew, Ukraine",https://stackoverflow.com/jobs/341653
Senior QA Automation / C#,IHS Global Inc.,"Minsk, Belarus",https://stackoverflow.com/jobs/463438
Tech Lead Software Engineer,Apple,"Cupertino, CA",https://stackoverflow.com/jobs/461352
Full Stack Developer,OpsTalent,No office location,https://stackoverflow.com/jobs/463551
"Software Engineer (Frontend, Backend, Mobile)",Digital Diagnostics Inc.,No office location,https://stackoverflow.com/jobs/455208
Front-end Developer,Scanifly,No office location,https://stackoverflow.com/jobs/458086
Backend Rust Engineer,XAIN AG,"Berlin, Deutschland",https://stackoverflow.com/jobs/373256
Senior Front End Developer,Ezra,"Toronto, ON, Canada",https://stackoverflow.com/jobs/442192
Java Developer,Peterson Technology Partners,"Chicago, IL",https://stackoverflow.com/jobs/462277
Front End Developer,Peterson Technology Partners,"Chicago, IL",https://stackoverflow.com/jobs/460272
Compiler/LLVM Software Engineer,Imagination Technologies,"Kings Langley, UK",https://stackoverflow.com/jobs/424560
Senior Software Engineer (Backend),Digital Diagnostics Inc.,No office location,https://stackoverflow.com/jobs/455201
Software Engineer: Distributed ML Systems,HyperCube Inc.,"New York, NY",https://stackoverflow.com/jobs/450360
Staff Software Engineer (Full-Stack),Direct Supply,"Milwaukee, WI",https://stackoverflow.com/jobs/291634
Software Engineer (Backend),Kea,"Mountain View, CA",https://stackoverflow.com/jobs/441532
"Sr Kubernetes + Terraform to deploy Smart building infrastructure, Full time",Prescriptive Data LLC,"New York, NY",https://stackoverflow.com/jobs/407781
Full Stack .NET Web Developer and Big Data/Machine Learning,SiteZeus,"Tampa, FL",https://stackoverflow.com/jobs/125725
Demodesk - Full-Stack Engineer in Assistant Team,Demodesk,"München, Germany",https://stackoverflow.com/jobs/450398
React Native Developer,Undefined LLC,"Louisville, KY",https://stackoverflow.com/jobs/455025
C++ Programmer (Tools for Microsoft Flight Simulator),Blackshark.ai GmbH,"Graz, Austria",https://stackoverflow.com/jobs/433377
Full Stack .NET Web Developer and Big Data/Machine Learning,SiteZeus,"Tampa, FL",https://stackoverflow.com/jobs/125725
Demodesk - Full-Stack Engineer Video Conferencing & Screen Sharing,Demodesk,"Munich, Germany",https://stackoverflow.com/jobs/413458
Senior Staff Software Engineer (Mobile & API),Direct Supply,"Milwaukee, WI",https://stackoverflow.com/jobs/429913
(Senior) DevOps and Infrastructure Engineer (m/f/d),appliedAI @ UnternehmerTUM GmbH,"Garching bei München, Deutschland",https://stackoverflow.com/jobs/345957
Principal Software Engineer (Backend),Digital Diagnostics Inc.,No office location,https://stackoverflow.com/jobs/455198
"Full Stack Software Entwickler*in Full-/Part-time, fluent German speaking",Convit GmbH,"Köln, Deutschland",https://stackoverflow.com/jobs/466803
Full-Stack Developer who wants to be part of a greenfield biz.,Joymo,"Oslo, Norway",https://stackoverflow.com/jobs/423549
Senior Cloud Platform Engineer - Azure,Servian,"Bengaluru, India",https://stackoverflow.com/jobs/442825
"Applied Research Scientist, Computer Vision Research -Video Engineering (VE)",Apple,"Seattle, WA",https://stackoverflow.com/jobs/463957
Backend Software Engineer (Golang),Insider,"Kâğıthane, Turkey",https://stackoverflow.com/jobs/413565
Go Developer,Bloomreach,No office location,https://stackoverflow.com/jobs/129002
Senior Backend Engineer in Full Remote Environment,Laboratik,No office location,https://stackoverflow.com/jobs/441729
Senior Front-end Developer (Vue.js) - Remote,Insider,No office location,https://stackoverflow.com/jobs/456300
Software Engineer C#,"Deepcell, Inc","Mountain View, CA",https://stackoverflow.com/jobs/451034
Data engineer / Dev backend python,PandaScore,"Paris, France",https://stackoverflow.com/jobs/450829
RT Embedded C++ Software Engineer,Elbit Systems,"Haifa, Israel",https://stackoverflow.com/jobs/463444
Sr React Engineer to build a Smart Building OS,Prescriptive Data LLC,"New York, NY",https://stackoverflow.com/jobs/407786
Hackers wanted - Software Engineers (m/f/d) & Machine Learning Experts (m/f/d),freiheit.com technologies gmbh,"Hamburg, Deutschland",https://stackoverflow.com/jobs/165266
DevOps Engineer,Bloomreach,No office location,https://stackoverflow.com/jobs/466458
Data (Software) Engineer,ArupviaHays PLC,"Sydney, Australia",https://stackoverflow.com/jobs/457364
Data Engineer,Connecterra BV,"Amsterdam, Netherlands",https://stackoverflow.com/jobs/461151
"Software Engineer, Full Stack",Forward,"San Francisco, CA",https://stackoverflow.com/jobs/336573
Java Developer & Java Team Leader [Online/Phone Recruitment],Accenture Italy,"Milan, Italy",https://stackoverflow.com/jobs/460586
"Solutions Architect, Manager",Amazon Web Services,"Tel Aviv-Yafo, Israel",https://stackoverflow.com/jobs/390122
(Senior) DevOps and Infrastructure Engineer (m/f/d),appliedAI @ UnternehmerTUM GmbH,"Garching bei München, Deutschland",https://stackoverflow.com/jobs/345957
Java Developer & Java Team Leader [Online/Phone Recruitment],Accenture Italy,"Milan, Italy",https://stackoverflow.com/jobs/460586
Product Manager (m/f/d),e-bot7 GmbH,"München, Deutschland",https://stackoverflow.com/jobs/465258
Senior Full Stack Engineer,Scanifly,No office location,https://stackoverflow.com/jobs/458085
Back-End Developer who wants to be part of a greenfield biz.,Joymo,"Oslo, Norway",https://stackoverflow.com/jobs/438760
Fullstack Software Engineer,7BridgesviaEurostaff Group GmbH,"London, UK",https://stackoverflow.com/jobs/465947
Data Engineer,ML6,"Gent, Belgium",https://stackoverflow.com/jobs/463933
Senior Backend Engineer in Full Remote Environment,Laboratik,No office location,https://stackoverflow.com/jobs/441729
Full Stack Software Engineer (eCommerce),Direct Supply,"Milwaukee, WI",https://stackoverflow.com/jobs/456346
Machine Learning Software Engineer,Insight Timer,"Sydney, Australia",https://stackoverflow.com/jobs/424361
Full Stack Scala Engineer,"QOMPLX, Inc.","McLean, VA",https://stackoverflow.com/jobs/425440
Lead Developer Ruby on Rails (m/f/div),PAIR Finance GmbH,"Berlin, Deutschland",https://stackoverflow.com/jobs/303965
Computer Vision & Machine Learning Software Engineer,Blackshark.ai GmbH,"Graz, Austria",https://stackoverflow.com/jobs/397294
Lead Data Scientist (m/f/d),e-bot7 GmbH,"München, Deutschland",https://stackoverflow.com/jobs/456760
Postdoc in Machine Learning,Institut für KI in der Medizin (IKIM),"Essen, Germany",https://stackoverflow.com/jobs/467322
IT Expert - Software Architekt (m/f/d),Zielpuls GmbH,"München, Germany",https://stackoverflow.com/jobs/371742
Senior Python Developer (m/f/d),Adspert | Bidmanagement GmbH,"Berlin, Germany",https://stackoverflow.com/jobs/427042
Full-Stack JavaScript Developer,Anyfin AB,"Stockholm, Sweden",https://stackoverflow.com/jobs/400711
C# / .Net developer (M/W/D) – mit Perspektive Microsoft 365 / Power Platform,Reply,"Hamburg, Deutschland",https://stackoverflow.com/jobs/467733
Lead Software Engineer (C#) for industry leading SaaS solutions,Basware,"Espoo, Finland",https://stackoverflow.com/jobs/354332
Full Stack Developer,Servian,"Sydney, Australia",https://stackoverflow.com/jobs/424942
Backend Developer m/f/d,WOW Tech,"Berlin, Deutschland",https://stackoverflow.com/jobs/453548
Scientist (m/f) for the development of software methods for comprehensible data,Deutsches Zentrum für Luft- und Raumfahrt e.V.,"Dresden, Deutschland",https://stackoverflow.com/jobs/458472
Full Stack Developer (SNPS) - Build platforms at national scale,Government Technology Agency of Singapore,Singapore,https://stackoverflow.com/jobs/409515
Backend Engineer (Data Science Service Group),Rakuten,"Setagaya City, Japan",https://stackoverflow.com/jobs/289101
Full-Stack JavaScript Developer,Anyfin AB,"Stockholm, Sweden",https://stackoverflow.com/jobs/400711
Senior C++ Engineer,Soul Machines Limited,"Auckland, New Zealand",https://stackoverflow.com/jobs/468260
Lead Software Engineer (C#) for industry leading SaaS solutions,Basware,"Espoo, Finland",https://stackoverflow.com/jobs/354332
C# / .Net developer (M/W/D) – mit Perspektive Microsoft 365 / Power Platform,Reply,"Hamburg, Deutschland",https://stackoverflow.com/jobs/467733
Infrastructure Engineering,"JPMorgan Chase Bank, N.A.","Wilmington, DE",https://stackoverflow.com/jobs/465380
Senior Full Stack Developer,Servian,"Brisbane City, Australia",https://stackoverflow.com/jobs/427870
Scientist (m/f) for the development of software methods for comprehensible data,Deutsches Zentrum für Luft- und Raumfahrt e.V.,"Dresden, Deutschland",https://stackoverflow.com/jobs/458472
Web/Mobile Application Developer,EPFL Digital Epidemiology Lab,"Genève, Switzerland",https://stackoverflow.com/jobs/467725
"Manager, Software Engineering (AR Commerce)",Facebook,"Zürich, Switzerland",https://stackoverflow.com/jobs/446275
Solution Architect (m/f/d),e-bot7 GmbH,"München, Deutschland",https://stackoverflow.com/jobs/450830
Freelance Full-Stack Developer – Remote Job Romania,SkillValue,No office location,https://stackoverflow.com/jobs/406668
Senior QA Automation Engineer,FortressIQ,"San Francisco, CA",https://stackoverflow.com/jobs/401439
Senior DevOps Consultant,Servian,"Docklands, Australia",https://stackoverflow.com/jobs/425721
Senior Python Developer,Tenfifty AB,"Göteborg, Sweden",https://stackoverflow.com/jobs/461145
Solutions Engineer,Deepgram,"San Francisco, CA",https://stackoverflow.com/jobs/431389
Senior Software Engineer,Google,"Mountain View, CA",https://stackoverflow.com/jobs/348715
Software Engineering - Python,"JPMorgan Chase Bank, N.A.","Glasgow, UK",https://stackoverflow.com/jobs/465296
Tech Lead,AICOF Srl,No office location,https://stackoverflow.com/jobs/467324
"Senior Software Engineer - Go, Vue.js, Machine Learning",Ezoic,"Carlsbad, CA",https://stackoverflow.com/jobs/427866
Backend Developer,Octopus Energy,"London, UK",https://stackoverflow.com/jobs/197943
"Software Engineer, Backend Infrastructure",Forward,"San Francisco, CA",https://stackoverflow.com/jobs/345270
"Senior Software Engineer, Applied Machine Learning",SmartNews,"San Francisco, CA",https://stackoverflow.com/jobs/429917
Node.JS Engineer to help build our microservices architecture,Beamery,"London, UK",https://stackoverflow.com/jobs/437531
ML Software Engineer,Watcha,"Gangnam-daero, South Korea",https://stackoverflow.com/jobs/379646
Principal Software Engineer,Bulb Energy,"London, UK",https://stackoverflow.com/jobs/435310
C++ Software Developer,Snke OS GmbH,"Munich, Germany",https://stackoverflow.com/jobs/468283
Node.JS Engineer to help build our microservices architecture,Beamery,"London, UK",https://stackoverflow.com/jobs/437531
ML Software Engineer,Watcha,"Gangnam-daero, South Korea",https://stackoverflow.com/jobs/379646
Customer Engineer,ML6,"Amsterdam, Netherlands",https://stackoverflow.com/jobs/463896
3D Software Developer (SNPS) - Build 3D models for public good,Government Technology Agency of Singapore,Singapore,https://stackoverflow.com/jobs/409517
Senior Software Engineer (m/f/d),Definiens,"München, Germany",https://stackoverflow.com/jobs/386437
Backend Engineer,causaLens,"London, UK",https://stackoverflow.com/jobs/462391
"Senior Back-End Engineer (node.js, java)",Concept Reply,"Turin, Italy",https://stackoverflow.com/jobs/339127
Senior ML engineer Ghent,ML6,"Gent, Belgium",https://stackoverflow.com/jobs/460036
Senior Frontend Developer (m/w/d),Neofonie,"Berlin, Deutschland",https://stackoverflow.com/jobs/399676
Senior Angular Developer,Soul Machines Limited,"Auckland, New Zealand",https://stackoverflow.com/jobs/451056
Machine Learning Engineer,Ezra,"Toronto, ON, Canada",https://stackoverflow.com/jobs/350443
Senior Software Engineer (Frontend),Digital Diagnostics Inc.,No office location,https://stackoverflow.com/jobs/455203
Junior IT-Systemadministrator (m/w/d),GAF AG,"München, Deutschland",https://stackoverflow.com/jobs/460057
Web Server Specialist - COVID 19 Portal,European Bioinformatics Institute (EMBL-EBI),"Hinxton, UK",https://stackoverflow.com/jobs/465588
Senior C++ Software Engineer,Advertima,"Zürich, Switzerland",https://stackoverflow.com/jobs/465090
Senior iOS Mobile Engineer,Passio Inc.,"Menlo Park, CA",https://stackoverflow.com/jobs/433775
OmniAI Platform Solutions VP - OmniAI adoption,"JPMorgan Chase Bank, N.A.","New York, NY",https://stackoverflow.com/jobs/466632
Senior Full Stack Software Engineer (Ruby on Rails),InCloudCounsel,"San Francisco, CA",https://stackoverflow.com/jobs/447739
"Software Engineer Intern, Machine Learning (PhD)",Facebook,"Bellevue, WA",https://stackoverflow.com/jobs/445927
"Software Engineer Intern, Machine Learning (PhD)",Facebook,"Boston, MA",https://stackoverflow.com/jobs/445925
Embedded Software Engineer,Mission Embedded GmbH,"Vienna, Austria",https://stackoverflow.com/jobs/406180
Full Stack Node.js Engineer,ArupviaHays PLC,"Sydney, Australia",https://stackoverflow.com/jobs/457363
Senior Software Engineer (Mobile),Digital Diagnostics Inc.,No office location,https://stackoverflow.com/jobs/455204
Senior Data Scientist: COMPUTER VISION,ConfidentialviaExecutive Solutions,"Abu Dhabi, United Arab Emirates",https://stackoverflow.com/jobs/407733
Looking for an Amazing Senior Python Developer,Tech9,"Pune, India",https://stackoverflow.com/jobs/468707
Senior Frontend Developer React,PandaScore,"Paris, France",https://stackoverflow.com/jobs/450828
"Embedded Software Engineer for automotive and industrial automation (C,C++)",Concept Reply,"Turin, Italy",https://stackoverflow.com/jobs/341030
Junior IT-Systemadministrator (m/w/d),GAF AG,"München, Deutschland",https://stackoverflow.com/jobs/460057
3D Software Developer (SNPS) - Build 3D models for public good,Government Technology Agency of Singapore,Singapore,https://stackoverflow.com/jobs/409517
Senior DevOps Security Engineer,Vouched,"Seattle, WA",https://stackoverflow.com/jobs/435262
Senior Software Engineer (m/f/d),Definiens,"München, Germany",https://stackoverflow.com/jobs/386437
Software Engineer,Bulb Energy,"London, UK",https://stackoverflow.com/jobs/435309
Senior Magento Developer,Youwe,"Rotterdam, Netherlands",https://stackoverflow.com/jobs/465126
Staff Software Engineer (Full-Stack) - SMB,Indeed,"Vancouver, BC, Canada",https://stackoverflow.com/jobs/451041
Senior ML engineer Ghent,ML6,"Gent, Belgium",https://stackoverflow.com/jobs/460036
Staff Software Engineer (Full-Stack) - SMB,Indeed,"Remote, OR",https://stackoverflow.com/jobs/451043
Solutions Architect - Start Up team,Amazon Web Services,"Tel Aviv-Yafo, Israel",https://stackoverflow.com/jobs/390342
Flutter Engineer (m/f/d),XAIN AG,"Berlin, Deutschland",https://stackoverflow.com/jobs/454391
Graphics Driver Engineer (OpenGL Safety Critical/Automotive),Imagination Technologies,"Pune, India",https://stackoverflow.com/jobs/463049
"Software Developer, Information Systems",Defence Science and Technology Agency (DSTA),Singapore,https://stackoverflow.com/jobs/441644
Head of DevOps Automation,Behavox,"Montreal, QC, Canada",https://stackoverflow.com/jobs/456507
PHP/Laravel Developer (m|w|d) | München,ECR European Consumer Rights GmbH,"München, Deutschland",https://stackoverflow.com/jobs/446376
Data Scientist (all genders),Takeda GmbH,"Oranienburg, Deutschland",https://stackoverflow.com/jobs/455765
Vulkan Graphics Driver Engineer,Imagination Technologies,"Kings Langley, UK",https://stackoverflow.com/jobs/463050
Software Engineer,"CliniComp, Intl.","San Diego, CA",https://stackoverflow.com/jobs/427432
Senior Site Reliability Engineer,Blameless,No office location,https://stackoverflow.com/jobs/431397
Experienced Java Web Developer,Cloudflight GmbH,"Linz, Austria",https://stackoverflow.com/jobs/466824
Java Spring Boot Application Developer,Peterson Technology Partners,"Birmingham, AL",https://stackoverflow.com/jobs/462281
Berater Data & Analytics Architecture (m/w/d),Schaeffler Group,"Nürnberg, Deutschland",https://stackoverflow.com/jobs/406850
Senior Site Reliability Engineer,Blameless,No office location,https://stackoverflow.com/jobs/431397
Experienced Java Web Developer,Cloudflight GmbH,"Linz, Austria",https://stackoverflow.com/jobs/466824
Machine Learning Engineer,Navy Federal Credit Union,"Merrifield, VA",https://stackoverflow.com/jobs/468058
Java Spring Boot Application Developer,Peterson Technology Partners,"Birmingham, AL",https://stackoverflow.com/jobs/462281
Lead DevOps Engineer - Deliver robust infrastructure services for public good,Government Technology Agency of Singapore,Singapore,https://stackoverflow.com/jobs/408124
"Software Engineer, Real-Time Audio",Facebook,"Seattle, WA",https://stackoverflow.com/jobs/446271
"Software Engineer, Mobile Applications",Forward,"San Francisco, CA",https://stackoverflow.com/jobs/337652
Frontend Engineer,causaLens,"London, UK",https://stackoverflow.com/jobs/462390
Senior Node.js Engineer,UCRAFT,No office location,https://stackoverflow.com/jobs/414274
Application Developer - Medical Data & Video Science,Snke OS GmbH,"Munich, Germany",https://stackoverflow.com/jobs/465587
QA Software Developer,Tempo Software,No office location,https://stackoverflow.com/jobs/463643
Senior Software Engineer (DevOps),Digital Diagnostics Inc.,No office location,https://stackoverflow.com/jobs/455202
Principal Software Engineer (Frontend),Digital Diagnostics Inc.,No office location,https://stackoverflow.com/jobs/455199
PHP/Laravel Lead-Developer (m|w|d) | München,ECR European Consumer Rights GmbH,"München, Deutschland",https://stackoverflow.com/jobs/446375
Software developer (Node/Mongo DB),Littledata,"London, UK",https://stackoverflow.com/jobs/465940
Machine Translation Engineer (Quality Engineering),Apple,"Cupertino, CA",https://stackoverflow.com/jobs/463935
Software Engineer,cytena GmbH,"Freiburg im Breisgau, Deutschland",https://stackoverflow.com/jobs/436923
Mid-level Data Scientist,Envelop Risk,"Bristol, UK",https://stackoverflow.com/jobs/364981
Senior Software Engineer,Care.com,No office location,https://stackoverflow.com/jobs/452413
Data Scientist (f/m/d),Receeve GmbH,"Hamburg, Germany",https://stackoverflow.com/jobs/444504
Senior Full Stack Developer - Remote,Insider,No office location,https://stackoverflow.com/jobs/456301
Senior Data Platform Engineer,IHS Global Inc.,"Englewood, CO",https://stackoverflow.com/jobs/468510
Senior Software Engineer,IHS Global Inc.,"Englewood, CO",https://stackoverflow.com/jobs/468511
Senior Software Engineer,Citizens Bank,"Providence, RI",https://stackoverflow.com/jobs/467138
DevOps Software Engineer,"JPMorgan Chase Bank, N.A.","Houston, TX",https://stackoverflow.com/jobs/467214
Senior Team Lead - Machine Learning,Snke OS GmbH,"Munich, Germany",https://stackoverflow.com/jobs/458940
Experienced Java Developer with a lot of freedom in your work,TOPdesk,"Budapest, Hungary",https://stackoverflow.com/jobs/460593
NetOps Engineer,Audacious Inquiry,"Baltimore, MD",https://stackoverflow.com/jobs/445485
Senior Software Engineer,Carbon Relay,"Washington, DC",https://stackoverflow.com/jobs/285541
"Software Engineer, Real-Time Audio",Facebook,"Menlo Park, CA",https://stackoverflow.com/jobs/446309
"Data Scientist, Product Analytics (Remote OR NYC)",Noom,"New York, NY",https://stackoverflow.com/jobs/283519
Lead DevOps Engineer - Deliver robust infrastructure services for public good,Government Technology Agency of Singapore,Singapore,https://stackoverflow.com/jobs/408124
Senior Full-Stack Developer (m/f/d) for Berlin based MVP Startup,Venture Leap GmbH,"Berlin, Deutschland",https://stackoverflow.com/jobs/388231
Sr. Robotics Engineer - Autonomy Verification,Apple,"Cupertino, CA",https://stackoverflow.com/jobs/348926
"Software Engineer, Real-Time Audio",Facebook,"Seattle, WA",https://stackoverflow.com/jobs/446271
Software Engineer,Olive,"Columbus, OH",https://stackoverflow.com/jobs/457416
Front-end Software Engineer - Deliver citizen-centric web apps,Government Technology Agency of Singapore,Singapore,https://stackoverflow.com/jobs/408128
Software Engineering - Java Full Stack Developer,"JPMorgan Chase Bank, N.A.","Bengaluru, India",https://stackoverflow.com/jobs/468553
"Software Engineer, VP (Java and MicroServices)","JPMorgan Chase Bank, N.A.","Plano, TX",https://stackoverflow.com/jobs/467018
Head of Engineering [m/w/d],StackFuel GmbH,"Berlin, Deutschland",https://stackoverflow.com/jobs/466462
Principal Software Engineer (Frontend),Digital Diagnostics Inc.,No office location,https://stackoverflow.com/jobs/455199
IT Consultant (m/w/d),BCG Platinion,"Frankfurt am Main, Deutschland",https://stackoverflow.com/jobs/439148
Software Engineer/Software Developer Wanted,Nova Dynamics,"Philomath, OR",https://stackoverflow.com/jobs/392809
Java Developer (UK or Italy),InReach Ventures,"London, UK",https://stackoverflow.com/jobs/463039
Senior Software Engineer - Ruby on Rails (Munich/NYC),Kaia Health Software GmbH,"München, Germany",https://stackoverflow.com/jobs/343596
Technical Program Manager - Product Management,"JPMorgan Chase Bank, N.A.","Wilmington, DE",https://stackoverflow.com/jobs/467375
Senior Software Developer - iOS,Dyson,"Bristol, UK",https://stackoverflow.com/jobs/465118
Machine Learning Engineer,Navy Federal Credit Union,"Vienna, VA",https://stackoverflow.com/jobs/461163
Senior Platform Engineer,Paige,"New York, NY",https://stackoverflow.com/jobs/449216
Computer Scientist - Software Engineer/Cyber Developer - Entry to Experienced,National Security Agency,"Fort Meade, MD",https://stackoverflow.com/jobs/410474
Business Intelligence Entwickler:in / Consultant*,inovex GmbH,"Karlsruhe, Deutschland",https://stackoverflow.com/jobs/238679
CIB Operations-Risk and Control Quality Assurance Manager- Associate,"JPMorgan Chase Bank, N.A.",Hong Kong,https://stackoverflow.com/jobs/458072
Software developer for 5G,Ericsson,"Gothenburg, Sweden",https://stackoverflow.com/jobs/453507
Data Scientist - Applied Science,causaLens,"London, UK",https://stackoverflow.com/jobs/439135
Full Stack JavaScript Developer (Remote),GitStart,No office location,https://stackoverflow.com/jobs/463017
"Software Engineer, Lead - CTO Accelerator","JPMorgan Chase Bank, N.A.","New York, NY",https://stackoverflow.com/jobs/464831
IT Consultant,Reply,"Milan, Italy",https://stackoverflow.com/jobs/461389
"Software Engineer, Lead - CTO Accelerator","JPMorgan Chase Bank, N.A.","New York, NY",https://stackoverflow.com/jobs/465303
VP Engineering React/NodeJS/AWS,VideoPeel,"Lehi, UT",https://stackoverflow.com/jobs/452578
Staff Software Engineer,Google,"Bengaluru, India",https://stackoverflow.com/jobs/433773
Production Support (DevOps) : Data Analytics - Associate,"JPMorgan Chase Bank, N.A.",Singapore,https://stackoverflow.com/jobs/468141
ETL Developer (Talend),NCS,Singapore,https://stackoverflow.com/jobs/399975
Software Engineering,"JPMorgan Chase Bank, N.A.","Bengaluru, India",https://stackoverflow.com/jobs/468556
Senior Java Developer,Risk Focus,"New York, NY",https://stackoverflow.com/jobs/371427
Backend Engineer - Python (m/f/d),Laya Technologies,"München, Deutschland",https://stackoverflow.com/jobs/333801
Lead Drupal Developer,"Portland Webworks, Inc.","Portland, ME",https://stackoverflow.com/jobs/402723
Python Developer,Anyfin AB,"Stockholm, Sweden",https://stackoverflow.com/jobs/451956
Machine Learning Engineer,causaLens,"London, UK",https://stackoverflow.com/jobs/439133
Software Engineering Manager,"JPMorgan Chase Bank, N.A.","Glasgow, UK",https://stackoverflow.com/jobs/459036
Android Developer (f/m),Communi5 Technologies GmbH,"Berlin, Germany",https://stackoverflow.com/jobs/415628
Senior Software Engineer - C# .Net,ASOS,"London, UK",https://stackoverflow.com/jobs/456029
Senior Backend Developer - Rivoluziona la scuola italiana!,WeSchool,"Milan, Italy",https://stackoverflow.com/jobs/447423
DevOps Lead,ZeroEyes,No office location,https://stackoverflow.com/jobs/402758
"Principal Software Engineer, DevOps",Digital Diagnostics Inc.,"Chicago, IL",https://stackoverflow.com/jobs/445075
DevOps Lead,ZeroEyes,No office location,https://stackoverflow.com/jobs/402758
Python/Data Engineer,"JPMorgan Chase Bank, N.A.","Jersey City, NJ",https://stackoverflow.com/jobs/464671
Big Data Solutions Architect,Blue Orange Digital,No office location,https://stackoverflow.com/jobs/456728
"Algo EPM Manager, Ad Platforms Engineering",Apple,"Cupertino, CA",https://stackoverflow.com/jobs/463474
Senior Java Developer,Risk Focus,"Pittsburgh, PA",https://stackoverflow.com/jobs/371424
Fullstack Developer,"Engineering Solutions, Inc.","Hanover, MD",https://stackoverflow.com/jobs/390195
Fullstack (React/Node/PHP/MySQL) Developer for a Trending Music Company (Remote),"eMastered, LLC",No office location,https://stackoverflow.com/jobs/416121
Trainee IT (m/w/d) Führungskräftenachwuchs in der Softwareentwicklung,CompuGroup Medical SE & Co. KGaA,"Koblenz, Deutschland",https://stackoverflow.com/jobs/463031
Lead DevOps / Infrastructure Engineer,Ascendify,No office location,https://stackoverflow.com/jobs/453546
Operations-Risk and Control-Quality Assurance Manager- Associate,"JPMorgan Chase Bank, N.A.","Shanghai, China",https://stackoverflow.com/jobs/465522
.Net Software Engineer,Dell Technologies Latin America,"Eldorado do Sul, Brazil",https://stackoverflow.com/jobs/457617
"Senior Software Development Engineer, Builder Tools",Amazon Web Services,"Arlington, VA",https://stackoverflow.com/jobs/435464
Senior Front-End Engineer (React),Varsity Tutors,No office location,https://stackoverflow.com/jobs/461403
Salesforce Senior Software Engineer,Dell Technologies Latin America,"Porto Alegre, Brazil",https://stackoverflow.com/jobs/457011
.NET Senior Software Engineer,Dell Technologies Latin America,"Porto Alegre, Brazil",https://stackoverflow.com/jobs/457010
Senior Back-End Engineer,Amaris.AI,Singapore,https://stackoverflow.com/jobs/399995
Machine Learning Engineer / Data Engineer*,inovex GmbH,"Stuttgart, Deutschland",https://stackoverflow.com/jobs/238737
CIB Operations - Risk and Control Quality Assurance (QA) Manager- Vice President,"JPMorgan Chase Bank, N.A.","Kuala Lumpur, Malaysia",https://stackoverflow.com/jobs/466910
"Software Engineer, Performance Engineering (Senior/Lead/Principal)",Salesforce,"Indianapolis, IN",https://stackoverflow.com/jobs/364235
Python Software Engineering Manager,Tempo,"San Francisco, CA",https://stackoverflow.com/jobs/442823
ML Engineer (Berlin),ML6,"Berlin, Germany",https://stackoverflow.com/jobs/357370
Cloud Platform / Kubernetes Engineer*,inovex GmbH,"München, Deutschland",https://stackoverflow.com/jobs/238734
Senior C Software Engineer - Bot Smart Diagnostics,Ocado Technology,"Sofia, Bulgaria",https://stackoverflow.com/jobs/448567
Senior Applications Engineer/Atlassian Administrator,Audacious Inquiry,"Baltimore, MD",https://stackoverflow.com/jobs/445472
Front End Engineer working with Elm,Deepgram,No office location,https://stackoverflow.com/jobs/451419
"Software Engineer, Back End",Google,"Bengaluru, India",https://stackoverflow.com/jobs/382297
Lead Gameplay Engineer,Tripwire Interactive,"Roswell, GA",https://stackoverflow.com/jobs/446348
Customer Success Engineer,1plusX AG,"Zürich, Switzerland",https://stackoverflow.com/jobs/450816
"Software Engineer, Performance Engineering (Senior/Lead/Principal)",Salesforce,"Seattle, WA",https://stackoverflow.com/jobs/364233
Senior Java Developer,Risk Focus,"Pittsburgh, PA",https://stackoverflow.com/jobs/371424
Fullstack Developer,"Engineering Solutions, Inc.","Hanover, MD",https://stackoverflow.com/jobs/390195
Big Data Developer,NCS,Singapore,https://stackoverflow.com/jobs/399976
Frontend Engineer,Carbon Relay,"Washington, DC",https://stackoverflow.com/jobs/418205
Operations-Risk and Control-Quality Assurance Manager- Associate,"JPMorgan Chase Bank, N.A.","Shanghai, China",https://stackoverflow.com/jobs/465522
Lead DevOps / Infrastructure Engineer,Ascendify,No office location,https://stackoverflow.com/jobs/453546
Data Wrangler / Curator (m/f/d),Definiens,"München, Germany",https://stackoverflow.com/jobs/395727
Senior .NET Developer,Nmbrs,"Amsterdam, Netherlands",https://stackoverflow.com/jobs/459760
Werkstudierende für die Softwareentwicklung,Convit GmbH,"Köln, Deutschland",https://stackoverflow.com/jobs/459689
Embedded Software Developer,Dyson,Singapore,https://stackoverflow.com/jobs/454620
Machine Learning Engineer / Data Engineer*,inovex GmbH,"Stuttgart, Deutschland",https://stackoverflow.com/jobs/238737
"Software Engineer, Engineering Productivity",Google,"Mountain View, CA",https://stackoverflow.com/jobs/412449
"Research & Development - Quantum Computing, IoT, Human Machine Interfaces","JPMorgan Chase Bank, N.A.","New York, NY",https://stackoverflow.com/jobs/467494
Mobile Developer for IoT and Industry 4.0 (ios or android),Concept Reply,"Turin, Italy",https://stackoverflow.com/jobs/341088
Front-End Developer (m/f/d) for Berlin-based MVP Startup,Venture Leap GmbH,"Berlin, Deutschland",https://stackoverflow.com/jobs/424948
Front End Web Developer,Xactware,"Lehi, UT",https://stackoverflow.com/jobs/293752
C# Engineer,Trailstone GmbH,"Berlin, Germany",https://stackoverflow.com/jobs/399733
"Software Engineer, Performance Engineering (Senior/Lead/Principal)",Salesforce,"San Francisco, CA",https://stackoverflow.com/jobs/364232
System Engineer - Features & Functionality for 5G Radio Products,Ericsson,"Stockholm, Sweden",https://stackoverflow.com/jobs/463044
"Software Engineer, Performance Engineering (Senior/Lead/Principal)",Salesforce,"Boston, MA",https://stackoverflow.com/jobs/364234
Java/Python Developer,"JPMorgan Chase Bank, N.A.","Plano, TX",https://stackoverflow.com/jobs/467207
Software Engineer - Big Data /Java,"JPMorgan Chase Bank, N.A.","Plano, TX",https://stackoverflow.com/jobs/466053
C developers for the World's fastest 5G Userplane,Ericsson,"Gothenburg, Sweden",https://stackoverflow.com/jobs/456005
Java/Python Developer,"JPMorgan Chase Bank, N.A.","Plano, TX",https://stackoverflow.com/jobs/467207
Senior Machine Learning Engineer,Insight Timer,"Sydney, Australia",https://stackoverflow.com/jobs/466255
Senior Data Scientist [Remote],TMP Worldwide,No office location,https://stackoverflow.com/jobs/459804
Strategy and Engagement Lead,"JPMorgan Chase Bank, N.A.","Jersey City, NJ",https://stackoverflow.com/jobs/468430
Senior UI Engineer,Keelvar,"Cork, Ireland",https://stackoverflow.com/jobs/462209
DevOps Engineer* Linux,inovex GmbH,"Hamburg, Deutschland",https://stackoverflow.com/jobs/238689
C++ Software Engineer,EAGLE6,"Jeffersonville, IN",https://stackoverflow.com/jobs/417832
Teamlead Data Science / Machine Learning (m/f/div),PAIR Finance GmbH,"Berlin, Deutschland",https://stackoverflow.com/jobs/390268
Managing Director - Digital Personalized Experiences Tech Partner,"JPMorgan Chase Bank, N.A.","Bengaluru, India",https://stackoverflow.com/jobs/467826
Senior Software Engineer Frontend (m/f/d),BASF,"Köln, Deutschland",https://stackoverflow.com/jobs/435288
Front-end Engineer,InCloudCounsel,"San Francisco, CA",https://stackoverflow.com/jobs/433449
.NET Principal Software Engineer,Dell Technologies Latin America,"Porto Alegre, Brazil",https://stackoverflow.com/jobs/457012
Systems Engineer Linux*,inovex GmbH,"Köln, Deutschland",https://stackoverflow.com/jobs/238736
Image Data Scientist (m/f/d),Definiens,"München, Germany",https://stackoverflow.com/jobs/350837
Lead Software Engineer,"JPMorgan Chase Bank, N.A.","Newark, DE",https://stackoverflow.com/jobs/466369
Data Scientist,Xpand IT,"Lisboa, Portugal",https://stackoverflow.com/jobs/386447
Senior Test Engineer (m/f/d),Definiens,"München, Germany",https://stackoverflow.com/jobs/390887
Senior Javascript / Node Developer,DemystData,"Melbourne, Australia",https://stackoverflow.com/jobs/460281
Senior Data Engineer - Machine Learning Platform,Socure,No office location,https://stackoverflow.com/jobs/465269
Sr. Software Development Engineer - AWS Identity,Amazon Web Services,"Seattle, WA",https://stackoverflow.com/jobs/466476
Azure Cloud Developer,Acolyte Group,"London, UK",https://stackoverflow.com/jobs/451928
Senior DevOps Engineer,Bulb Energy,"London, UK",https://stackoverflow.com/jobs/387933
Senior Data Engineer,PowerInbox,No office location,https://stackoverflow.com/jobs/448568
Test Automation Engineer,"CliniComp, Intl.","San Diego, CA",https://stackoverflow.com/jobs/427431
Senior Javascript / Node Developer,DemystData,"Melbourne, Australia",https://stackoverflow.com/jobs/460281
Azure Cloud Developer,Acolyte Group,"London, UK",https://stackoverflow.com/jobs/451928
Senior DevOps Engineer,Bulb Energy,"London, UK",https://stackoverflow.com/jobs/387933
Senior Data Engineer,PowerInbox,No office location,https://stackoverflow.com/jobs/448568
Data Scientists/Knowledge Graph Engineers (m/f/d),TIB – Leibniz Information Centre for Science and Technology and University Library,"Hannover, Deutschland",https://stackoverflow.com/jobs/458468
Senior DevOps Engineer - Tallinn or Helsinki,IDT Finland,No office location,https://stackoverflow.com/jobs/432999
Senior Data Engineer - Machine Learning Platform,Socure,No office location,https://stackoverflow.com/jobs/465269
"Senior Frontend Developer, Microsoft",Tempo Software,No office location,https://stackoverflow.com/jobs/453561
Data Analyst 데이터 애널리스트,Watcha,"Gangnam-daero, South Korea",https://stackoverflow.com/jobs/410645
Infrastructure Developer,"JPMorgan Chase Bank, N.A.","Hyderabad, India",https://stackoverflow.com/jobs/467041
DevOps Engineer (ACE) - Innovating engineering productivity for public good,Government Technology Agency of Singapore,Singapore,https://stackoverflow.com/jobs/409518
Senior Manual Quality Assurance Engineer (Remote/ Work from home),Wallethub,No office location,https://stackoverflow.com/jobs/466549
Data Engineer - Build data infrastructure for public good,Government Technology Agency of Singapore,Singapore,https://stackoverflow.com/jobs/409516
Principal Consultant - Enterprise Architecture (Java/JavaScript) - Singapore,Zuhlke Engineering Singapore,Singapore,https://stackoverflow.com/jobs/446537
Software Engineer - Fulfilment,Ocado Technology,"London, UK",https://stackoverflow.com/jobs/447969
Big Data DevOps Engineer,Tookitaki,Singapore,https://stackoverflow.com/jobs/439969
Software Engineer - Register your interest for future roles,Dyson,Singapore,https://stackoverflow.com/jobs/381061
Senior Python Dev for Open Source Dev Tools,"Iterative, Inc",No office location,https://stackoverflow.com/jobs/446359
5G Baseband Software Developer,Ericsson,"Stockholm, Sweden",https://stackoverflow.com/jobs/452385
Senior Software Engineer - Fulfilment,Ocado Technology,"London, UK",https://stackoverflow.com/jobs/447971
Team Lead Engineering – API/Python (m/f/d),Laya Technologies,"München, Deutschland",https://stackoverflow.com/jobs/416103
Systemadministrator (w/m/d),Aimondo GmbH,"Düsseldorf, Germany",https://stackoverflow.com/jobs/462200
Senior Backend Developer,Tempo Software,No office location,https://stackoverflow.com/jobs/460279
Tech Lead Engineer for Traffic Management Systems - Brno,Siemens AG,"Brno, Czechia",https://stackoverflow.com/jobs/432577
Senior Digital Design Engineer,"Intellisense Systems, Inc.","Torrance, CA",https://stackoverflow.com/jobs/457848
Python Back End Engineer,Tempo,"San Francisco, CA",https://stackoverflow.com/jobs/442822
Senior Data Scientist,AH Technology – Albert Heijn,"Zaandam, Netherlands",https://stackoverflow.com/jobs/401359
Experienced Full Stack Developer,"eze System, Inc.","Folsom, CA",https://stackoverflow.com/jobs/457673
"Senior Integrations Developer - (Remote, Outside US)",Agiloft,No office location,https://stackoverflow.com/jobs/461172
Data Engineer - Build data infrastructure for public good,Government Technology Agency of Singapore,Singapore,https://stackoverflow.com/jobs/409516
Fullstack Developer,Swisscom (Schweiz) AG,"Zürich, Schweiz",https://stackoverflow.com/jobs/461533
Full Stack Developer (f/m/d),Allianz Digital Health GmbH,"München, Deutschland",https://stackoverflow.com/jobs/397823
Engineering Manager,Taxa Network,"San Francisco, CA",https://stackoverflow.com/jobs/460386
Software Test Engineer (Mobile Development),Dyson,Singapore,https://stackoverflow.com/jobs/454621
C++ developer in Berlin. 120 000 euro per year,think-cell,"Berlin, Germany",https://stackoverflow.com/jobs/36832
"Core Engineering Technology, Software Engineer, Vice President","JPMorgan Chase Bank, N.A.",Singapore,https://stackoverflow.com/jobs/464709
"Senior Frontend Developer, Microsoft",Tempo Software,No office location,https://stackoverflow.com/jobs/453561
Data Analyst 데이터 애널리스트,Watcha,"Gangnam-daero, South Korea",https://stackoverflow.com/jobs/410645
Team Lead Engineering – API/Python (m/f/d),Laya Technologies,"München, Deutschland",https://stackoverflow.com/jobs/416103
"VP, Data Architect","JPMorgan Chase Bank, N.A.","Wilmington, DE",https://stackoverflow.com/jobs/459853
Data Engineer (m/w/d) nationwide,Bayerischer Rundfunk',"Munich, Germany",https://stackoverflow.com/jobs/468272
Advanced Data Analyst,iFood,"São Paulo, Brazil",https://stackoverflow.com/jobs/459785
Lead/Principal Software Engineer,"Mastery Logistics Systems, Inc.","Chicago, IL",https://stackoverflow.com/jobs/426122
PHP Shopware Developer (m/w/d),Neofonie,"Berlin, Deutschland",https://stackoverflow.com/jobs/269160
DevOps Engineer,1plusX AG,"Zürich, Switzerland",https://stackoverflow.com/jobs/455196
Head of Digital Availability / Continuity,Driver & Vehicle Standards Agency - DVSA,"Nottingham, UK",https://stackoverflow.com/jobs/455247
(Senior) Data Engineer - Data & Machine Learning (f/m/d),Delivery Hero SE,"Berlin, Germany",https://stackoverflow.com/jobs/459759
Lead Machine Learning Engineer,Dyson,"Malmesbury, UK",https://stackoverflow.com/jobs/369535
Senior Digital Business Analyst,Driver & Vehicle Standards Agency - DVSA,"Nottingham, UK",https://stackoverflow.com/jobs/455245
Lead UI Developer with Full Stack Development experience,"JPMorgan Chase Bank, N.A.","New York, NY",https://stackoverflow.com/jobs/465416
React Native Mobile App Developer,GitStart,No office location,https://stackoverflow.com/jobs/440223
Lead Machine Learning Engineer,Dyson,"Malmesbury, UK",https://stackoverflow.com/jobs/369535
Senior EJB Developer - Remote (Outside US),Agiloft,No office location,https://stackoverflow.com/jobs/458024
Service Delivery Manager,Driver & Vehicle Standards Agency - DVSA,"Nottingham, UK",https://stackoverflow.com/jobs/455246
Tech Lead - HealthTech - .Net,Doctorlink,"Beaconsfield, UK",https://stackoverflow.com/jobs/458145
Lead Test Engineer,Northrop Grumman UK Limited,"Cheltenham, UK",https://stackoverflow.com/jobs/378452
SAP SM Engineering Project Manager,Apple,"Austin, TX",https://stackoverflow.com/jobs/463965
Product Experience Designer- Connectivity,Dyson,"Hullavington, UK",https://stackoverflow.com/jobs/465121
Disaster Recovery Test Manager,Driver & Vehicle Standards Agency - DVSA,"Nottingham, UK",https://stackoverflow.com/jobs/455249
"Senior Systems Administrator (Washington, D.C. or U.S. Remote)",Wallethub,"Washington, DC",https://stackoverflow.com/jobs/466552
Java Engineer - Auction Strategy,trivago N.V,"Düsseldorf, Germany",https://stackoverflow.com/jobs/449471
Senior Full Stack JavaScript Architect,GitStart,No office location,https://stackoverflow.com/jobs/341371
Tagalog Speaking Full Stack Angular and C# Developer (Remote),Iridium Technology,No office location,https://stackoverflow.com/jobs/468538
"Director, Software Engineering",Facebook,"Menlo Park, CA",https://stackoverflow.com/jobs/446101
Tech Director,Trafilea,No office location,https://stackoverflow.com/jobs/463727
Lead Java Software Engineer,Northrop Grumman UK Limited,"Cheltenham, UK",https://stackoverflow.com/jobs/378369
"Staff Software Engineer (Lead), Scale and Transport",Quantcast,"San Francisco, CA",https://stackoverflow.com/jobs/459931
Senior DevOps Engineer,Aerial Applications,"Washington, DC",https://stackoverflow.com/jobs/460879
Head of Development f/m/d,Scout24 Schweiz AG,"Zürich, Switzerland",https://stackoverflow.com/jobs/374261
Solutions Architect - Retail,Amazon Web Services,"London, UK",https://stackoverflow.com/jobs/420676
Principal Data Engineer,SAP,"San Ramon, CA",https://stackoverflow.com/jobs/455250
Senior AWS/Golang Engineer,Rialtic,"Atlanta, GA",https://stackoverflow.com/jobs/458644
Data Engineer,Olive,"Columbus, OH",https://stackoverflow.com/jobs/462269
Front-end Developer,Triple,"Alkmaar, Netherlands",https://stackoverflow.com/jobs/407700
Data Engineer,Sytac IT Consulting,"Amsterdam, Netherlands",https://stackoverflow.com/jobs/431625
Lead Developer,The Cleveland Museum of Art,"Cleveland, OH",https://stackoverflow.com/jobs/422197
Manager Sales & Business Consulting (m/w/d),Werum IT Solutions - inCyght Data Science,No office location,https://stackoverflow.com/jobs/466456
Product Development Radio Software Designer,Ericsson,"Lund, Sweden",https://stackoverflow.com/jobs/463023
Senior Software Engineer - Ruby on Rails (NYC/Munich),Kaia Health Software GmbH,"New York, NY",https://stackoverflow.com/jobs/457378
ASIC Architect,Ericsson,"Stockholm, Sweden",https://stackoverflow.com/jobs/463047
Senior Software Engineer Platform (m/f/d),BASF,"Köln, Deutschland",https://stackoverflow.com/jobs/466262
QA Engineer - Commerce Digital Technology,ASOS,"London, UK",https://stackoverflow.com/jobs/465124
C++ developers and testers for agile teams in the heart of 5G,Ericsson,"Gothenburg, Sweden",https://stackoverflow.com/jobs/453508
Senior Full-Stack Engineer,"Mastery Logistics Systems, Inc.",No office location,https://stackoverflow.com/jobs/443230
Senior ML Engineer,"JPMorgan Chase Bank, N.A.","Herzliya, Israel",https://stackoverflow.com/jobs/467829
ISD Architect I/II (Enterprise Architect),Navy Federal Credit Union,"Pensacola, FL",https://stackoverflow.com/jobs/468002
Software Engineer - Cloud Images,Canonical,No office location,https://stackoverflow.com/jobs/454599
"Director, Data Engineering","Wikimedia Foundation, Inc.",No office location,https://stackoverflow.com/jobs/457621
SW developers with Security focus for High-tech 5G Cloud Native Core,Ericsson,"Gothenburg, Sweden",https://stackoverflow.com/jobs/455747
Data Engineer,"JPMorgan Chase Bank, N.A.","Houston, TX",https://stackoverflow.com/jobs/467272
Data Engineer,"JPMorgan Chase Bank, N.A.","Houston, TX",https://stackoverflow.com/jobs/467263
Software Engineer,"JPMorgan Chase Bank, N.A.","Plano, TX",https://stackoverflow.com/jobs/466224
Product Manager - Data Services,"JPMorgan Chase Bank, N.A.","Lewisville, TX",https://stackoverflow.com/jobs/468371
Full Stack Developer -Python Ruby on Rails AWS,HaysviaHays PLC,"Toronto, ON, Canada",https://stackoverflow.com/jobs/426945
Silicon Alliances Partner Manager,Canonical,No office location,https://stackoverflow.com/jobs/451972
Java Developer,Smals,"Brussels Hoofdstedelijk Gewest, Belgium",https://stackoverflow.com/jobs/406831
Medior / Senior Cloud Data Engineer,Incentro,"Utrecht, Netherlands",https://stackoverflow.com/jobs/451421
Linux Kernel Engineer,Canonical,No office location,https://stackoverflow.com/jobs/453713
Linux Cloud Kernel Engineer,Canonical,No office location,https://stackoverflow.com/jobs/457872
Managing Director - Head of Digital Channels Platform,"JPMorgan Chase Bank, N.A.","Bengaluru, India",https://stackoverflow.com/jobs/467822
ASIC Architect,Ericsson,"Stockholm, Sweden",https://stackoverflow.com/jobs/463047
Full Stack Web Developer,Spiria Digital,"Gatineau, QC, Canada",https://stackoverflow.com/jobs/450400
Sr. Data Engineer,TigerConnect,"Santa Monica, CA",https://stackoverflow.com/jobs/456323
"Salesforce Developer, Enterprise Applications",Quantcast,"San Francisco, CA",https://stackoverflow.com/jobs/442204
Senior Data Scientist  - Candidate Recommendation,Indeed,"Tokyo, Japan",https://stackoverflow.com/jobs/415722
ISD Architect I/II (Enterprise Architect),Navy Federal Credit Union,"Pensacola, FL",https://stackoverflow.com/jobs/468002
SoC ASIC / FPGA Architect,Ericsson,"Stockholm, Sweden",https://stackoverflow.com/jobs/463048
ISD Architect I/II (Enterprise Architect),Navy Federal Credit Union,"Merrifield, VA",https://stackoverflow.com/jobs/468001
ISD Architect I/II (Enterprise Architect),Navy Federal Credit Union,"Vienna, VA",https://stackoverflow.com/jobs/467802
"Director, Data Engineering","Wikimedia Foundation, Inc.",No office location,https://stackoverflow.com/jobs/457621
SW developers with Security focus for High-tech 5G Cloud Native Core,Ericsson,"Gothenburg, Sweden",https://stackoverflow.com/jobs/455747
Developer for SAP Analytics Cloud product,SAP,"Sofia, Bulgaria",https://stackoverflow.com/jobs/447943
ISD Architect I/II (Enterprise Architect),Navy Federal Credit Union,"Winchester, VA",https://stackoverflow.com/jobs/468003
Android Developer,Triple,"Alkmaar, Netherlands",https://stackoverflow.com/jobs/407726
Senior Data Engineer,Confused.com,"Cardiff, UK",https://stackoverflow.com/jobs/389102
Senior Data Engineer,Tempo Software,No office location,https://stackoverflow.com/jobs/466488
DevOps Engineer - Remote (Outside US),Agiloft,No office location,https://stackoverflow.com/jobs/458026
(Senior) Python Data Engineer - Marketing Tech (f/m/d),Delivery Hero SE,"Berlin, Germany",https://stackoverflow.com/jobs/452393
Senior iOS Developer,Ocado Technology,"Hatfield, UK",https://stackoverflow.com/jobs/447970
Senior Android Developer (m/f/d),Gini GmbH,"München, Deutschland",https://stackoverflow.com/jobs/445856
Data Scientist - Candidate Recommendation,Indeed,"Tokyo, Japan",https://stackoverflow.com/jobs/441272
Mobile Developer (Front End),Ocado Technology,"Hatfield, UK",https://stackoverflow.com/jobs/455254
Staff Data Engineer - Data Platform,Socure,No office location,https://stackoverflow.com/jobs/450550
User Experience Design Specialist,SAP,"Bengaluru, India",https://stackoverflow.com/jobs/447904
Développeur Sénior Java,SkillValue,"Lille, France",https://stackoverflow.com/jobs/431243
Senior Big Data Engineer,QuantumBlack,"Chicago, IL",https://stackoverflow.com/jobs/399478
Software Architect,Nurun,No office location,https://stackoverflow.com/jobs/415675
Data Scientist - Candidate Recommendation,Indeed,"Tokyo, Japan",https://stackoverflow.com/jobs/441272
Mobile Developer (Front End),Ocado Technology,"Hatfield, UK",https://stackoverflow.com/jobs/455254
Senior Android Developer (m/f/d),Gini GmbH,"München, Deutschland",https://stackoverflow.com/jobs/445856
User Experience Design Specialist,SAP,"Bengaluru, India",https://stackoverflow.com/jobs/447904
Senior Data Engineer,SAP,"San Ramon, CA",https://stackoverflow.com/jobs/466235
Wholesale Payments -ACH Product Management VP,"JPMorgan Chase Bank, N.A.","Tampa, FL",https://stackoverflow.com/jobs/466164
"Data Engineer, Digital and Computational Pathology",Memorial Sloan Kettering Cancer Center,"New York, NY",https://stackoverflow.com/jobs/378510
Junior Java Developer,Smals,"Brussels Hoofdstedelijk Gewest, Belgium",https://stackoverflow.com/jobs/438753
Security Field Technical Engineer,Apple,"Shenzhen, China",https://stackoverflow.com/jobs/467514
SDET Engineer,Ocado Technology,"London, UK",https://stackoverflow.com/jobs/447972
Cloud Engineer (f/m/d) for George,Erste Group,"Wien, Österreich",https://stackoverflow.com/jobs/463465
Softwareentwickler C# (m/w/d) (fluent German speaking),HÄVG Rechenzentrum GmbH,"Köln, Deutschland",https://stackoverflow.com/jobs/419680
Senior Machine Learning Engineer,QuantumBlack,"Cambridge, MA",https://stackoverflow.com/jobs/399480
Radio Algorithm Developer,Ericsson,"Stockholm, Sweden",https://stackoverflow.com/jobs/438755
SW Developer - Baseband Infrastructure,Ericsson,"Stockholm, Sweden",https://stackoverflow.com/jobs/457646
Software Engineer,"JPMorgan Chase Bank, N.A.","New York, NY",https://stackoverflow.com/jobs/465893
Senior Enterprise Application Architect,Breakthrough,"Green Bay, WI",https://stackoverflow.com/jobs/457435
Senior Full Stack Developer,Dyson,"Bristol, UK",https://stackoverflow.com/jobs/363120
Software Developer - Music Systems,Octave Group,"Montreal, QC, Canada",https://stackoverflow.com/jobs/455769
Operational Product Owner to Mobility @ Packet Core,Ericsson,"Gothenburg, Sweden",https://stackoverflow.com/jobs/463901
Machine Learning Engineer,Olive,"Columbus, OH",https://stackoverflow.com/jobs/462270
Data Engineer II,Indeed,"Hyderabad, India",https://stackoverflow.com/jobs/421968
Cloud Solutions Architect,Delta-N,"The Hague, Netherlands",https://stackoverflow.com/jobs/400067
Senior Enterprise Application Architect,Breakthrough,"Green Bay, WI",https://stackoverflow.com/jobs/457435
Navigator Digital Transformation Product Owner,"JPMorgan Chase Bank, N.A.","Chicago, IL",https://stackoverflow.com/jobs/467465
Head of Solutions Architecture,Dyson,"Malmesbury, UK",https://stackoverflow.com/jobs/308850
"System Managers @ PDU PC, Mobility and Gateway",Ericsson,"Gothenburg, Sweden",https://stackoverflow.com/jobs/452383
Senior AWS/Golang Engineer,Rialtic,No office location,https://stackoverflow.com/jobs/458645
"Manager, Data Engineering",Indeed,"Hyderabad, India",https://stackoverflow.com/jobs/426275
Développeur Web,Agfa HealthCare,"Poitiers, France",https://stackoverflow.com/jobs/365066
Data/BI Engineer - FT CRM-on-site,leboncoin,"Paris, France",https://stackoverflow.com/jobs/460964
"Senior / Lead / Principal Data Engineer, Machine Learning / Deep Learning",Salesforce,"San Francisco, CA",https://stackoverflow.com/jobs/364237
CRM Dynamics Star,Vattenfall,"Amsterdam, Netherlands",https://stackoverflow.com/jobs/458252
Data Engineer (Business Unit IT) (w/m/d),Vattenfall,"Berlin, Deutschland",https://stackoverflow.com/jobs/448566
Digital Transformation Product Owner - Data Once,"JPMorgan Chase Bank, N.A.","Jersey City, NJ",https://stackoverflow.com/jobs/465876
Specialist Digital Solutions Talent Mobility (m/f/d),BASF,"Berlin, Germany",https://stackoverflow.com/jobs/415631
Data Engineer (Business Unit IT) (w/m/d),Vattenfall,"Hamburg, Deutschland",https://stackoverflow.com/jobs/448564
SAS Specialist,Smals,"Brussels Hoofdstedelijk Gewest, Belgium",https://stackoverflow.com/jobs/463900
Senior Solution Designer,Vattenfall,"Solna, Sweden",https://stackoverflow.com/jobs/457367
.NET guru,Vattenfall,"Amsterdam, Netherlands",https://stackoverflow.com/jobs/433390
Développeur Java,Nurun,No office location,https://stackoverflow.com/jobs/455935
Data Once Digital Transformation Product Owner,"JPMorgan Chase Bank, N.A.","Jersey City, NJ",https://stackoverflow.com/jobs/467460
Data/BI Engineer - FT CRM-on-site F/H,leboncoin,"Paris, France",https://stackoverflow.com/jobs/462205
Configuration Analyst,Vattenfall,"Solna, Sweden",https://stackoverflow.com/jobs/445830
System/Security Engineer,DSIRF GmbH,"Vienna, Austria",https://stackoverflow.com/jobs/411427
Cloud Engineer,"Mastery Logistics Systems, Inc.",No office location,https://stackoverflow.com/jobs/423170
IT Enterprise Applications Oracle Developer,Quantcast,"San Francisco, CA",https://stackoverflow.com/jobs/442203
Application Support Engineer with Windows & MS-SQL troubleshooting skills,"JPMorgan Chase Bank, N.A.","Plano, TX",https://stackoverflow.com/jobs/462839
Security Engineer,"Mastery Logistics Systems, Inc.",No office location,https://stackoverflow.com/jobs/423693
Développeur Java *** Java Developer,Spiria Digital,"Gatineau, QC, Canada",https://stackoverflow.com/jobs/450401
